$coops, Attendance: 1, Sponser: , Similar Names: sCoops
&ru_P, Attendance: 1, Sponser: BORT, Similar Names: Dru_P
420 BOT, Attendance: 1, Sponser: , Similar Names: 420BOT
420BOT, Attendance: 3, Sponser: , Similar Names: 420 BOT
Anchovie, Attendance: 6, Sponser: , Similar Names: Anchovy
Anchovy, Attendance: 19, Sponser: , Similar Names: Anchovie
Ares, Attendance: 3, Sponser: , Similar Names: Pres
Asada, Attendance: 17, Sponser: , Similar Names: Assad
Assad, Attendance: 1, Sponser: , Similar Names: Asada
Barth, Attendance: 2, Sponser: , Similar Names: Marth
Beardbot, Attendance: 3, Sponser: Peak | PHG, Similar Names: Beardon
Beardon, Attendance: 1, Sponser: , Similar Names: Beardbot, Berdo
Berdo, Attendance: 1, Sponser: , Similar Names: Beardon
Big Gravy, Attendance: 1, Sponser: , Similar Names: Gravy
Big kev, Attendance: 1, Sponser: , Similar Names: BigKev
BigKev, Attendance: 1, Sponser: , Similar Names: Big kev
Blackout, Attendance: 1, Sponser: , Similar Names: Blackwood
Blackwood, Attendance: 1, Sponser: , Similar Names: Blackout
Bleu Cheese, Attendance: 1, Sponser: , Similar Names: DeepCheese, BleuCheese, Bluecheese, Blue Cheese
BleuCheese, Attendance: 1, Sponser: , Similar Names: DeepCheese, Bleu Cheese, Bluecheese, Blue Cheese
Blips, Attendance: 1, Sponser: , Similar Names: Flip
Blue, Attendance: 1, Sponser: , Similar Names: BlueMagic, Blue Suede
Blue Cheese, Attendance: 3, Sponser: , Similar Names: DeepCheese, Bleu Cheese, BleuCheese, Bluecheese
Blue Suede, Attendance: 1, Sponser: , Similar Names: Blue
BlueMagic, Attendance: 2, Sponser: , Similar Names: Blue
Bluecheese, Attendance: 1, Sponser: , Similar Names: Bleu Cheese, BleuCheese, Blue Cheese
Boarder, Attendance: 31, Sponser: , Similar Names: Garde
Box, Attendance: 1, Sponser: , Similar Names: BoxeR
BoxeR, Attendance: 4, Sponser: , Similar Names: Box
Brad, Attendance: 3, Sponser: , Similar Names: Trad
Burnin Taco, Attendance: 3, Sponser: TJ's, Similar Names: Burnin' Taco, Burning Tacos
Burnin' Taco, Attendance: 1, Sponser: , Similar Names: Burnin Taco, Burning Tacos
Burning Tacos, Attendance: 1, Sponser: , Similar Names: Burnin' Taco, Burnin Taco
BustiN, Attendance: 1, Sponser: NEC, Similar Names: Justice
Calvin, Attendance: 12, Sponser: , Similar Names: Calvyn
Calvyn, Attendance: 14, Sponser: , Similar Names: Calvin
CanErick, Attendance: 1, Sponser: , Similar Names: Trick
Chalcon, Attendance: 1, Sponser: , Similar Names: Falco, Dalco?, Knalco
Chance, Attendance: 14, Sponser: HEART, Similar Names: Chango
Chango, Attendance: 16, Sponser: Crispy, Similar Names: Jiango, Chance
Chef Conan, Attendance: 1, Sponser: , Similar Names: ChefTony, Chef Tony
Chef Tony, Attendance: 31, Sponser: , Similar Names: ChefTony13, Chef Conan, ChefTony
ChefTony, Attendance: 24, Sponser: WoC, Similar Names: ChefTony13, Chef Conan, Chef Tony
ChefTony13, Attendance: 4, Sponser: WoC, Similar Names: ChefTony, Chef Tony
Chevy, Attendance: 20, Sponser: ePG, Similar Names: ePG Chevy, [ePG] Chevy
Chicken Joe, Attendance: 1, Sponser: , Similar Names: Chicky
Chicky, Attendance: 2, Sponser: , Similar Names: Chicken Joe, Shick
Chief, Attendance: 32, Sponser: ePG, Similar Names: [ePG] Chief
Conect4Master, Attendance: 1, Sponser: , Similar Names: Connect4Master (Richard), Connect4Master
Connect4Master, Attendance: 15, Sponser: TheSnackHouse, Similar Names: Connect4Master (Richard), Conect4Master
Connect4Master (Richard), Attendance: 1, Sponser: , Similar Names: Connect4Master, Conect4Master
CoolSon1999, Attendance: 2, Sponser: , Similar Names: cool son 1999, Meta4 (CoolSon1999)
Cooldad1969, Attendance: 6, Sponser: , Similar Names: cool dad 1969, cool dad 1997
DBSammy, Attendance: 22, Sponser: , Similar Names: Tammy
DE|Max, Attendance: 1, Sponser: , Similar Names: Max
DMacAttack12, Attendance: 1, Sponser: , Similar Names: PatAttack
Dahong, Attendance: 6, Sponser: SAB, Similar Names: Dahung
Dahung, Attendance: 1, Sponser: , Similar Names: Dahong
Dalco?, Attendance: 1, Sponser: , Similar Names: Falco, Knalco, Chalcon
Dave, Attendance: 3, Sponser: , Similar Names: Havel
Davy Jones, Attendance: 1, Sponser: , Similar Names: DavyJones
DavyJones, Attendance: 2, Sponser: , Similar Names: Davy Jones
DeafHat, Attendance: 1, Sponser: , Similar Names: Def Hat
Deep Fox, Attendance: 49, Sponser: TNS, Similar Names: Deepfox
DeepCheese, Attendance: 1, Sponser: 103.3, Similar Names: Bleu Cheese, BleuCheese, Blue Cheese
Deepfox, Attendance: 5, Sponser: TNS, Similar Names: Deep Fox
Def Hat, Attendance: 3, Sponser: , Similar Names: DeafHat
Denapa, Attendance: 1, Sponser: , Similar Names: Denpa
Denny's Qtip, Attendance: 1, Sponser: Peak, Similar Names: Denny's |Shad
Denny's |Shad, Attendance: 1, Sponser: Peak, Similar Names: Denny's Qtip
Denpa, Attendance: 15, Sponser: , Similar Names: Denapa
Dilla, Attendance: 13, Sponser: , Similar Names: Killa B, Killa Bee, KillaB
Divine Senator Kelly, Attendance: 3, Sponser: , Similar Names: DivineSenatorKelly
DivineSenatorKelly, Attendance: 5, Sponser: , Similar Names: Divine Senator Kelly
Dr Pepper, Attendance: 3, Sponser: , Similar Names: Dr Piper, PepperJack, Dr. Pepper
Dr Piper, Attendance: 1, Sponser: , Similar Names: Dr Pepper
Dr. Pepper, Attendance: 2, Sponser: , Similar Names: PepperJack, Dr Pepper
Drib, Attendance: 8, Sponser: , Similar Names: Drip
Drip, Attendance: 1, Sponser: , Similar Names: Drib
Dru_P, Attendance: 1, Sponser: , Similar Names: &ru_P
Edav, Attendance: 2, Sponser: , Similar Names: ed av
Emily Hexadecimal, Attendance: 1, Sponser: , Similar Names: Hexadecimal
Falco, Attendance: 1, Sponser: , Similar Names: Dalco?, Knalco, Chalcon
Flip, Attendance: 1, Sponser: , Similar Names: Blips
Forest, Attendance: 1, Sponser: , Similar Names: ForestFire
ForestFire, Attendance: 1, Sponser: , Similar Names: Forest
Frizzle Fry, Attendance: 1, Sponser: , Similar Names: Frizzlefry, JD Drizzle
Frizzlefry, Attendance: 1, Sponser: , Similar Names: JD Drizzle, Frizzle Fry
Frog, Attendance: 20, Sponser: , Similar Names: Frogster, Frost, J-Frog
Frogster, Attendance: 3, Sponser: , Similar Names: Nster, Frost, Frog
Frost, Attendance: 1, Sponser: , Similar Names: Frogster, Frog
Garde, Attendance: 15, Sponser: Peak, Similar Names: Ward, TNS |Garde, Boarder
Geddy, Attendance: 1, Sponser: , Similar Names: Zeddy
Gooley, Attendance: 9, Sponser: , Similar Names: Wooley, John Gooley
Goop, Attendance: 8, Sponser: , Similar Names: Shoop
Gravy, Attendance: 1, Sponser: , Similar Names: Big Gravy
Guzma, Attendance: 3, Sponser: , Similar Names: PNDGuzma
Ham, Attendance: 15, Sponser: UW, Similar Names: Hambi
Hambi, Attendance: 2, Sponser: , Similar Names: Ham
Havel, Attendance: 2, Sponser: , Similar Names: Dave
Hexadecimal, Attendance: 5, Sponser: , Similar Names: Emily Hexadecimal
Honey, Attendance: 8, Sponser: , Similar Names: tone
I Need Damage, Attendance: 1, Sponser: , Similar Names: Ineeddamage
I raged, Attendance: 1, Sponser: , Similar Names: Iraged
Iceman, Attendance: 7, Sponser: , Similar Names: Yeeman
Ineeddamage, Attendance: 2, Sponser: , Similar Names: I Need Damage
Iraged, Attendance: 1, Sponser: , Similar Names: I raged
J-Frog, Attendance: 1, Sponser: , Similar Names: Frog
JD Drizzle, Attendance: 14, Sponser: , Similar Names: Vinizzle, Frizzlefry, Frizzle Fry
Jamy, Attendance: 2, Sponser: , Similar Names: Tammy
Jel oh, Attendance: 1, Sponser: , Similar Names: TXJello, TX Jello, Jello, Melo
Jello, Attendance: 17, Sponser: PALS, Similar Names: TXJello, TX Jello, Jel oh, Melo
Jiango, Attendance: 1, Sponser: , Similar Names: Chango
Jisu, Attendance: 1, Sponser: , Similar Names: Misu
Joel, Attendance: 6, Sponser: , Similar Names: | joel
John Gooley, Attendance: 1, Sponser: , Similar Names: Wooley, Gooley
Johns, Attendance: 1, Sponser: , Similar Names: Jons
Jons, Attendance: 1, Sponser: , Similar Names: Johns
Jose, Attendance: 1, Sponser: , Similar Names: Rose, Josk
Josk, Attendance: 8, Sponser: , Similar Names: Jose
Justice, Attendance: 2, Sponser: , Similar Names: BustiN, eJuice
Kailiki, Attendance: 1, Sponser: , Similar Names: Kaliki
Kaliki, Attendance: 6, Sponser: , Similar Names: Kailiki
Kettelcorn, Attendance: 4, Sponser: , Similar Names: Kettlecorn
Kettlecorn, Attendance: 1, Sponser: , Similar Names: Kettelcorn
Killa B, Attendance: 1, Sponser: , Similar Names: Dilla, Killa Bee, KillaB
Killa Bee, Attendance: 1, Sponser: , Similar Names: Dilla, KillerBee, Killa B, KillaB
KillaB, Attendance: 1, Sponser: , Similar Names: Dilla, Killa B, Killa Bee
KillerBee, Attendance: 2, Sponser: , Similar Names: Killa Bee
Knalco, Attendance: 2, Sponser: Dharma, Similar Names: Falco, Dalco?, Chalcon
Kneeil, Attendance: 16, Sponser: Dharma, Similar Names: Kneil
Kneil, Attendance: 3, Sponser: , Similar Names: Kneeil
Koyo, Attendance: 1, Sponser: , Similar Names: Shoyo
Kozze, Attendance: 4, Sponser: , Similar Names: Moze
Kuroshi, Attendance: 2, Sponser: , Similar Names: Moshi
Kyle, Attendance: 1, Sponser: , Similar Names: Tyler
L0stWoods, Attendance: 1, Sponser: , Similar Names: LostWoods
L7 Weenie, Attendance: 1, Sponser: , Similar Names: L7Weenie
L7Weenie, Attendance: 1, Sponser: , Similar Names: L7 Weenie
Lantern, Attendance: 1, Sponser: , Similar Names: Lanturn
Lanturn, Attendance: 3, Sponser: , Similar Names: Lantern
Lawrence is Worse than Hitler, Attendance: 1, Sponser: , Similar Names: Silverman is Worse than Hitler
Limerick, Attendance: 1, Sponser: , Similar Names: Trick
LostWoods, Attendance: 3, Sponser: , Similar Names: L0stWoods
Mark, Attendance: 7, Sponser: , Similar Names: kark, Spark, Marth, Mars
Mars, Attendance: 43, Sponser: , Similar Names: Marth, Mark, Mars (OR)
Mars (OR), Attendance: 1, Sponser: , Similar Names: Mars
Marth, Attendance: 1, Sponser: , Similar Names: Barth, Marthollomew, Martholomew, Mark, Mars
Marthollomew, Attendance: 1, Sponser: , Similar Names: Marth, Martholomew
Martholomew, Attendance: 8, Sponser: , Similar Names: Marthollomew, Marth
Matrix, Attendance: 2, Sponser: , Similar Names: Patrick
Max, Attendance: 19, Sponser: DE, Similar Names: DE|Max
Mcdomski, Attendance: 1, Sponser: , Similar Names: mcdonski
Melo, Attendance: 27, Sponser: TCM, Similar Names: Jel oh, Jello
Meta4 (CoolSon1999), Attendance: 3, Sponser: , Similar Names: CoolSon1999, cool son 1999
Metric, Attendance: 3, Sponser: , Similar Names: Patrick
Metric (The Other Rice), Attendance: 1, Sponser: , Similar Names: The Other Reiss
Mike, Attendance: 1, Sponser: , Similar Names: mikey
Mili, Attendance: 9, Sponser: JoY, Similar Names: Milli
Milli, Attendance: 1, Sponser: JoY, Similar Names: Mili
Misu, Attendance: 29, Sponser: TNS, Similar Names: Jisu
Mitchum, Attendance: 1, Sponser: , Similar Names: Twitch
Moist Cake, Attendance: 6, Sponser: , Similar Names: Moistcake, Moist Cola
Moist Cola, Attendance: 1, Sponser: , Similar Names: Moist Cake
Moistcake, Attendance: 1, Sponser: , Similar Names: Moist Cake
Moshi, Attendance: 1, Sponser: , Similar Names: Kuroshi
Moze, Attendance: 12, Sponser: Pepis, Similar Names: Kozze
Mr Krabs, Attendance: 2, Sponser: , Similar Names: Mr. Krabs, krabs
Mr. Krabs, Attendance: 8, Sponser: , Similar Names: krabs, Mr Krabs
Mushu, Attendance: 3, Sponser: , Similar Names: Rush
Mystery, Attendance: 1, Sponser: , Similar Names: Nster
Nik, Attendance: 1, Sponser: 50XX, Similar Names: Nikki
Nikki, Attendance: 1, Sponser: Slippi, Similar Names: Nik
Nocky, Attendance: 6, Sponser: , Similar Names: Noky
Noky, Attendance: 1, Sponser: , Similar Names: Nocky
Nster, Attendance: 2, Sponser: , Similar Names: Frogster, Mystery
OJeezOMan, Attendance: 3, Sponser: , Similar Names: OhGeezOhMan, OhJeezOhMan
OhGeezOhMan, Attendance: 1, Sponser: , Similar Names: OJeezOMan, OhJeezOhMan
OhJeezOhMan, Attendance: 1, Sponser: , Similar Names: OJeezOMan, OhGeezOhMan
Okay, Attendance: 1, Sponser: , Similar Names: OkayP.
OkayP., Attendance: 1, Sponser: , Similar Names: Okay
PNDGuzma, Attendance: 1, Sponser: , Similar Names: Guzma
Panda, Attendance: 25, Sponser: , Similar Names: Pandarian
Pandarian, Attendance: 2, Sponser: Demise, Similar Names: Panda
Papa Squat, Attendance: 10, Sponser: SU, Similar Names: Popa Squat, Poppa Squat
PatAttack, Attendance: 6, Sponser: , Similar Names: DMacAttack12
Patrick, Attendance: 2, Sponser: , Similar Names: Matrix, Metric, Trick
Paul, Attendance: 1, Sponser: , Similar Names: Pauly
Pauly, Attendance: 1, Sponser: , Similar Names: Paul
Peak |Shad, Attendance: 1, Sponser: Denny's, Similar Names: Shad
PepperJack, Attendance: 7, Sponser: Anime=Mistake, Similar Names: Dr Pepper, Dr. Pepper
Pocket, Attendance: 1, Sponser: , Similar Names: Pocket Sand, Pocketsand
Pocket Sand, Attendance: 4, Sponser: , Similar Names: Pocket, Pocketsand
Pocketsand, Attendance: 3, Sponser: TNS, Similar Names: Pocket, Pocket Sand
Popa Squat, Attendance: 39, Sponser: SU, Similar Names: Papa Squat, Poppa Squat
Poppa Squat, Attendance: 1, Sponser: , Similar Names: Popa Squat, Papa Squat
Pres, Attendance: 1, Sponser: , Similar Names: Ares
Puppy Joe, Attendance: 1, Sponser: , Similar Names: PuppyJoe
PuppyJoe, Attendance: 1, Sponser: , Similar Names: Puppy Joe
Quigley, Attendance: 19, Sponser: , Similar Names: quigly
Raabi, Attendance: 5, Sponser: , Similar Names: Rabbi
Rabbi, Attendance: 1, Sponser: , Similar Names: Raabi
Randizzle, Attendance: 1, Sponser: , Similar Names: Vinizzle
Ric Hard, Attendance: 6, Sponser: , Similar Names: Ric Hard (Brian)
Ric Hard (Brian), Attendance: 1, Sponser: , Similar Names: Ric Hard
Rice, Attendance: 11, Sponser: , Similar Names: juice
RisenShine, Attendance: 5, Sponser: , Similar Names: RizenShine
RizenShine, Attendance: 1, Sponser: , Similar Names: RisenShine
Rollerbob, Attendance: 16, Sponser: , Similar Names: Rollerdrunk
Rollerdrunk, Attendance: 1, Sponser: , Similar Names: Rollerbob
Rose, Attendance: 2, Sponser: , Similar Names: Jose, Rosebud
Rosebud, Attendance: 16, Sponser: , Similar Names: Rose
Rush, Attendance: 3, Sponser: , Similar Names: Mushu
Rusty Trombone, Attendance: 4, Sponser: , Similar Names: RustyTrombone
RustyTrombone, Attendance: 13, Sponser: , Similar Names: Rusty Trombone
Saint Vong, Attendance: 19, Sponser: , Similar Names: Saint. Vong, Saint Vong.
Saint Vong., Attendance: 1, Sponser: , Similar Names: Saint. Vong, Saint Vong
Saint. Vong, Attendance: 3, Sponser: , Similar Names: Saint Vong., Saint Vong
Schmeeli, Attendance: 2, Sponser: , Similar Names: Schmeli, Shmeel, Shmeeli
Schmeli, Attendance: 4, Sponser: UW, Similar Names: Schmeeli, Shmeel, Shmeeli
Sel, Attendance: 1, Sponser: , Similar Names: Sela
Sela, Attendance: 5, Sponser: , Similar Names: Sel, bella
Shad, Attendance: 9, Sponser: , Similar Names: Peak |Shad, Shadaxis, Shaky
Shadaxis, Attendance: 1, Sponser: Denny's | Peak, Similar Names: Shad
Shakey, Attendance: 17, Sponser: , Similar Names: Shaky
Shaky, Attendance: 2, Sponser: , Similar Names: Shakey, Shad
Shick, Attendance: 10, Sponser: , Similar Names: Shik, Shiv, Chicky
Shik, Attendance: 1, Sponser: , Similar Names: Shiv, Shick
Shiv, Attendance: 5, Sponser: , Similar Names: Shik, Shick
Shmeel, Attendance: 1, Sponser: , Similar Names: Schmeli, Schmeeli, Shmeeli
Shmeeli, Attendance: 17, Sponser: UW, Similar Names: Schmeli, Schmeeli, Shmeel
Shon, Attendance: 1, Sponser: LAGr, Similar Names: Shoyo, Shoop
Shoop, Attendance: 1, Sponser: , Similar Names: Goop, Shon
Shoyo, Attendance: 1, Sponser: , Similar Names: Shon, Koyo
Silverman is Worse than Hitler, Attendance: 1, Sponser: , Similar Names: Lawrence is Worse than Hitler
Spared, Attendance: 13, Sponser: Pals, Similar Names: Spark
Spark, Attendance: 2, Sponser: My Mom, Similar Names: Spared, kark, Mark
Spirit Gun, Attendance: 2, Sponser: , Similar Names: SpiritGun, Spiritjuul, Spiritnut
SpiritGun, Attendance: 45, Sponser: WoC, Similar Names: Spiritjuul, Spiritnut, Spirit Gun
Spiritjuul, Attendance: 1, Sponser: WoC, Similar Names: SpiritGun, Spiritnut, Spirit Gun
Spiritnut, Attendance: 1, Sponser: , Similar Names: SpiritGun, Spiritjuul, Spirit Gun
Spood beest, Attendance: 1, Sponser: , Similar Names: SpoodBeast, SpoodBeest
SpoodBeast, Attendance: 2, Sponser: , Similar Names: Spood beest, SpoodBeest
SpoodBeest, Attendance: 23, Sponser: , Similar Names: SpoodBeast, Spood beest
Spoon, Attendance: 7, Sponser: , Similar Names: Spoopy
Spoopy, Attendance: 1, Sponser: , Similar Names: Spoon
Stoof, Attendance: 2, Sponser: , Similar Names: Stop
Stop, Attendance: 2, Sponser: , Similar Names: Stoof
TNS |Garde, Attendance: 1, Sponser: Peak, Similar Names: Garde
TX Jello, Attendance: 1, Sponser: , Similar Names: TXJello, Jel oh, Jello
TXJello, Attendance: 2, Sponser: , Similar Names: TX Jello, Jel oh, Jello
Tammy, Attendance: 2, Sponser: 306, Similar Names: Jamy, DBSammy
Tater, Attendance: 4, Sponser: , Similar Names: taters
The Malcman, Attendance: 1, Sponser: , Similar Names: themalcman, The_Malcman
The Other Reiss, Attendance: 2, Sponser: , Similar Names: Metric (The Other Rice)
The Prime, Attendance: 1, Sponser: , Similar Names: ThePrime
The Ray, Attendance: 41, Sponser: , Similar Names: The Raymond
The Raymond, Attendance: 1, Sponser: , Similar Names: The Ray
ThePrime, Attendance: 3, Sponser: , Similar Names: The Prime
The_Malcman, Attendance: 12, Sponser: , Similar Names: themalcman, The Malcman
Tra$h, Attendance: 1, Sponser: , Similar Names: Trad
Trad, Attendance: 1, Sponser: , Similar Names: Brad, Tra$h
Trick, Attendance: 3, Sponser: , Similar Names: Limerick, CanErick, Patrick
Twitch, Attendance: 2, Sponser: , Similar Names: Mitchum
Tyler, Attendance: 3, Sponser: , Similar Names: Kyle
Vinizzle, Attendance: 2, Sponser: , Similar Names: Randizzle, JD Drizzle
Walmart Flavored Coke, Attendance: 1, Sponser: , Similar Names: Walnut Flavored Sprite
Walnut Flavored Sprite, Attendance: 1, Sponser: , Similar Names: Walmart Flavored Coke
Ward, Attendance: 2, Sponser: Ed, Similar Names: Garde
West, Attendance: 9, Sponser: , Similar Names: Xest
Wildflower, Attendance: 4, Sponser: , Similar Names: wild flower
Wishblade, Attendance: 9, Sponser: , Similar Names: Wishbone
Wishbone, Attendance: 1, Sponser: , Similar Names: Wishblade
Wolf, Attendance: 39, Sponser: , Similar Names: Wolfdren
Wolfdren, Attendance: 29, Sponser: , Similar Names: Wolf
Wonders, Attendance: 5, Sponser: , Similar Names: WondersSS
WondersSS, Attendance: 1, Sponser: , Similar Names: Wonders
Wooley, Attendance: 1, Sponser: , Similar Names: John Gooley, Gooley
Xana, Attendance: 2, Sponser: , Similar Names: Zana
Xenomorphs Rule, Attendance: 1, Sponser: , Similar Names: XenomorphsRule
XenomorphsRule, Attendance: 1, Sponser: , Similar Names: Xenomorphs Rule
Xest, Attendance: 4, Sponser: , Similar Names: West
Yeeman, Attendance: 19, Sponser: , Similar Names: Iceman
Yes, Attendance: 19, Sponser: , Similar Names: Yes.
Yes., Attendance: 2, Sponser: , Similar Names: Yes
Zana, Attendance: 4, Sponser: , Similar Names: Xana
Zarathurstra, Attendance: 1, Sponser: , Similar Names: Zarathustra
Zarathustra, Attendance: 10, Sponser: , Similar Names: Zarathurstra
Zeddy, Attendance: 9, Sponser: , Similar Names: Geddy
[ePG] Chevy, Attendance: 2, Sponser: , Similar Names: ePG Chevy, [ePG] Chief, Chevy
[ePG] Chief, Attendance: 1, Sponser: , Similar Names: [ePG] Chevy, Chief
bella, Attendance: 1, Sponser: , Similar Names: Sela
cool dad 1969, Attendance: 1, Sponser: , Similar Names: cool dad 1997, Cooldad1969
cool dad 1997, Attendance: 1, Sponser: , Similar Names: cool dad 1969, Cooldad1969
cool son 1999, Attendance: 1, Sponser: , Similar Names: CoolSon1999, Meta4 (CoolSon1999)
eJuice, Attendance: 1, Sponser: , Similar Names: Justice, juice
ePG Chevy, Attendance: 1, Sponser: , Similar Names: Chevy, [ePG] Chevy
ed av, Attendance: 1, Sponser: , Similar Names: Edav
juice, Attendance: 1, Sponser: , Similar Names: eJuice, Rice
kark, Attendance: 1, Sponser: , Similar Names: Spark, Mark
krabs, Attendance: 1, Sponser: , Similar Names: Mr. Krabs, Mr Krabs
mcdonski, Attendance: 35, Sponser: SU, Similar Names: Mcdomski
mikey, Attendance: 22, Sponser: , Similar Names: Mike
quigly, Attendance: 2, Sponser: , Similar Names: Quigley
sCoops, Attendance: 1, Sponser: , Similar Names: $coops
taters, Attendance: 16, Sponser: , Similar Names: Tater
themalcman, Attendance: 1, Sponser: , Similar Names: The Malcman, The_Malcman
tone, Attendance: 1, Sponser: , Similar Names: Honey
weeby wit da STRAP, Attendance: 1, Sponser: , Similar Names: weeby wit da STRRRRAP
weeby wit da STRRRRAP, Attendance: 1, Sponser: , Similar Names: weeby wit da STRAP
wild flower, Attendance: 40, Sponser: SU, Similar Names: Wildflower
| joel, Attendance: 1, Sponser: actually, Similar Names: Joel
